{"v":3,"stories":{"install--page":{"id":"install--page","title":"Install","name":"Page","importPath":"./libs/react/src/introduction/install.stories.mdx","kind":"Install","story":"Page","parameters":{"__id":"install--page","docsOnly":true,"fileName":"./libs/react/src/introduction/install.stories.mdx"}},"use--page":{"id":"use--page","title":"Use","name":"Page","importPath":"./libs/react/src/introduction/use.stories.mdx","kind":"Use","story":"Page","parameters":{"__id":"use--page","docsOnly":true,"fileName":"./libs/react/src/introduction/use.stories.mdx"}},"components-accordion--accordion":{"id":"components-accordion--accordion","title":"Components/Accordion","name":"Accordion","importPath":"./libs/react/src/lib/accordion/accordion.stories.mdx","kind":"Components/Accordion","story":"Accordion","parameters":{"__id":"components-accordion--accordion","docsOnly":false,"fileName":"./libs/react/src/lib/accordion/accordion.stories.mdx"}},"components-alertribbon--alert-ribbon":{"id":"components-alertribbon--alert-ribbon","title":"Components/AlertRibbon","name":"AlertRibbon","importPath":"./libs/react/src/lib/alert-ribbon/alert-ribbon.stories.mdx","kind":"Components/AlertRibbon","story":"AlertRibbon","parameters":{"__id":"components-alertribbon--alert-ribbon","docsOnly":false,"fileName":"./libs/react/src/lib/alert-ribbon/alert-ribbon.stories.mdx"}},"components-badge--badge":{"id":"components-badge--badge","title":"Components/Badge","name":"Badge","importPath":"./libs/react/src/lib/badge/badge.stories.mdx","kind":"Components/Badge","story":"Badge","parameters":{"__id":"components-badge--badge","docsOnly":false,"fileName":"./libs/react/src/lib/badge/badge.stories.mdx"}},"components-card--card":{"id":"components-card--card","title":"Components/Card","name":"Card","importPath":"./libs/react/src/lib/card/card.stories.mdx","kind":"Components/Card","story":"Card","parameters":{"__id":"components-card--card","docsOnly":false,"fileName":"./libs/react/src/lib/card/card.stories.mdx"}},"components-context-menu--page":{"id":"components-context-menu--page","title":"Components/Context Menu","name":"Page","importPath":"./libs/react/src/lib/context-menu/context-menu.stories.mdx","kind":"Components/Context Menu","story":"Page","parameters":{"__id":"components-context-menu--page","docsOnly":true,"fileName":"./libs/react/src/lib/context-menu/context-menu.stories.mdx"}},"components-datepicker--datepicker":{"id":"components-datepicker--datepicker","title":"Components/Datepicker","name":"Datepicker","importPath":"./libs/react/src/lib/datepicker/datepicker.stories.mdx","kind":"Components/Datepicker","story":"Datepicker","parameters":{"__id":"components-datepicker--datepicker","docsOnly":false,"fileName":"./libs/react/src/lib/datepicker/datepicker.stories.mdx"}},"components-dropdown--dropdown":{"id":"components-dropdown--dropdown","title":"Components/Dropdown","name":"Dropdown","importPath":"./libs/react/src/lib/dropdown/dropdown.stories.mdx","kind":"Components/Dropdown","story":"Dropdown","parameters":{"__id":"components-dropdown--dropdown","docsOnly":false,"fileName":"./libs/react/src/lib/dropdown/dropdown.stories.mdx"}},"components-form-button--button":{"id":"components-form-button--button","title":"Components/Form/Button","name":"Button","importPath":"./libs/react/src/lib/form/button/button.stories.mdx","kind":"Components/Form/Button","story":"Button","parameters":{"__id":"components-form-button--button","docsOnly":false,"fileName":"./libs/react/src/lib/form/button/button.stories.mdx"}},"components-form--button-group":{"id":"components-form--button-group","title":"Components/Form","name":"Button Group","importPath":"./libs/react/src/lib/form/buttonGroup/buttonGroup.stories.mdx","kind":"Components/Form","story":"Button Group","parameters":{"__id":"components-form--button-group","docsOnly":false,"fileName":"./libs/react/src/lib/form/buttonGroup/buttonGroup.stories.mdx"}},"components-form-checkbox--checkbox":{"id":"components-form-checkbox--checkbox","title":"Components/Form/Checkbox","name":"Checkbox","importPath":"./libs/react/src/lib/form/checkbox/checkbox.stories.mdx","kind":"Components/Form/Checkbox","story":"Checkbox","parameters":{"__id":"components-form-checkbox--checkbox","docsOnly":false,"fileName":"./libs/react/src/lib/form/checkbox/checkbox.stories.mdx"}},"components-form-fieldset--fieldset":{"id":"components-form-fieldset--fieldset","title":"Components/Form/Fieldset","name":"Fieldset","importPath":"./libs/react/src/lib/form/fieldset/fieldset.stories.mdx","kind":"Components/Form/Fieldset","story":"Fieldset","parameters":{"__id":"components-form-fieldset--fieldset","docsOnly":false,"fileName":"./libs/react/src/lib/form/fieldset/fieldset.stories.mdx"}},"components-form--form":{"id":"components-form--form","title":"Components/Form","name":"Form","importPath":"./libs/react/src/lib/form/form.stories.mdx","kind":"Components/Form","story":"Form","parameters":{"__id":"components-form--form","docsOnly":false,"fileName":"./libs/react/src/lib/form/form.stories.mdx"}},"components-form-group--page":{"id":"components-form-group--page","title":"Components/Form/Group","name":"Page","importPath":"./libs/react/src/lib/form/group/group.stories.mdx","kind":"Components/Form/Group","story":"Page","parameters":{"__id":"components-form-group--page","docsOnly":true,"fileName":"./libs/react/src/lib/form/group/group.stories.mdx"}},"components-iconbutton--default-story":{"id":"components-iconbutton--default-story","title":"Components/IconButton","name":"Default","importPath":"./libs/react/src/lib/form/iconButton/iconButton.stories.mdx","kind":"Components/IconButton","story":"Default","parameters":{"__id":"components-iconbutton--default-story","docsOnly":false,"fileName":"./libs/react/src/lib/form/iconButton/iconButton.stories.mdx"}},"components-form-input--input":{"id":"components-form-input--input","title":"Components/Form/Input","name":"Input","importPath":"./libs/react/src/lib/form/input/input.stories.mdx","kind":"Components/Form/Input","story":"Input","parameters":{"__id":"components-form-input--input","docsOnly":false,"fileName":"./libs/react/src/lib/form/input/input.stories.mdx"}},"components-form-radiobutton--radio-button":{"id":"components-form-radiobutton--radio-button","title":"Components/Form/RadioButton","name":"RadioButton","importPath":"./libs/react/src/lib/form/radioButton/radioButton.stories.mdx","kind":"Components/Form/RadioButton","story":"RadioButton","parameters":{"__id":"components-form-radiobutton--radio-button","docsOnly":false,"fileName":"./libs/react/src/lib/form/radioButton/radioButton.stories.mdx"}},"components-form-radiogroup--default-story":{"id":"components-form-radiogroup--default-story","title":"Components/Form/RadioGroup","name":"Default","importPath":"./libs/react/src/lib/form/radioButton/radioGroup.stories.mdx","kind":"Components/Form/RadioGroup","story":"Default","parameters":{"__id":"components-form-radiogroup--default-story","docsOnly":false,"fileName":"./libs/react/src/lib/form/radioButton/radioGroup.stories.mdx"}},"components-form-radiogroup--expandable-information":{"id":"components-form-radiogroup--expandable-information","title":"Components/Form/RadioGroup","name":"Expandable information","importPath":"./libs/react/src/lib/form/radioButton/radioGroup.stories.mdx","kind":"Components/Form/RadioGroup","story":"Expandable information","parameters":{"__id":"components-form-radiogroup--expandable-information","docsOnly":false,"fileName":"./libs/react/src/lib/form/radioButton/radioGroup.stories.mdx"}},"components-form-radiogroup--validation":{"id":"components-form-radiogroup--validation","title":"Components/Form/RadioGroup","name":"Validation","importPath":"./libs/react/src/lib/form/radioButton/radioGroup.stories.mdx","kind":"Components/Form/RadioGroup","story":"Validation","parameters":{"__id":"components-form-radiogroup--validation","docsOnly":false,"fileName":"./libs/react/src/lib/form/radioButton/radioGroup.stories.mdx"}},"components-form-radiogroup--horizontal":{"id":"components-form-radiogroup--horizontal","title":"Components/Form/RadioGroup","name":"Horizontal","importPath":"./libs/react/src/lib/form/radioButton/radioGroup.stories.mdx","kind":"Components/Form/RadioGroup","story":"Horizontal","parameters":{"__id":"components-form-radiogroup--horizontal","docsOnly":false,"fileName":"./libs/react/src/lib/form/radioButton/radioGroup.stories.mdx"}},"components-form--text":{"id":"components-form--text","title":"Components/Form","name":"Text","importPath":"./libs/react/src/lib/form/text/text.stories.mdx","kind":"Components/Form","story":"Text","parameters":{"__id":"components-form--text","docsOnly":false,"fileName":"./libs/react/src/lib/form/text/text.stories.mdx"}},"components-form-textarea--text-area":{"id":"components-form-textarea--text-area","title":"Components/Form/TextArea","name":"TextArea","importPath":"./libs/react/src/lib/form/textarea/textarea.stories.mdx","kind":"Components/Form/TextArea","story":"TextArea","parameters":{"__id":"components-form-textarea--text-area","docsOnly":false,"fileName":"./libs/react/src/lib/form/textarea/textarea.stories.mdx"}},"components-formitem--text-input":{"id":"components-formitem--text-input","title":"Components/FormItem","name":"TextInput","importPath":"./libs/react/src/lib/formItem/formItem.stories.mdx","kind":"Components/FormItem","story":"TextInput","parameters":{"__id":"components-formitem--text-input","docsOnly":false,"fileName":"./libs/react/src/lib/formItem/formItem.stories.mdx"}},"components-formitem--expandable-information":{"id":"components-formitem--expandable-information","title":"Components/FormItem","name":"Expandable information","importPath":"./libs/react/src/lib/formItem/formItem.stories.mdx","kind":"Components/FormItem","story":"Expandable information","parameters":{"__id":"components-formitem--expandable-information","docsOnly":false,"fileName":"./libs/react/src/lib/formItem/formItem.stories.mdx"}},"components-formitem--expandable-information-jsx":{"id":"components-formitem--expandable-information-jsx","title":"Components/FormItem","name":"Expandable information JSX","importPath":"./libs/react/src/lib/formItem/formItem.stories.mdx","kind":"Components/FormItem","story":"Expandable information JSX","parameters":{"__id":"components-formitem--expandable-information-jsx","docsOnly":false,"fileName":"./libs/react/src/lib/formItem/formItem.stories.mdx"}},"components-inpagewizardstepcard--in-page-wizard-step-card":{"id":"components-inpagewizardstepcard--in-page-wizard-step-card","title":"Components/InPageWizardStepCard","name":"InPageWizardStepCard","importPath":"./libs/react/src/lib/in-page-wizard/inPageWizardStepCard.stories.mdx","kind":"Components/InPageWizardStepCard","story":"InPageWizardStepCard","parameters":{"__id":"components-inpagewizardstepcard--in-page-wizard-step-card","docsOnly":false,"fileName":"./libs/react/src/lib/in-page-wizard/inPageWizardStepCard.stories.mdx"}},"components-layout-flexbox--flexbox":{"id":"components-layout-flexbox--flexbox","title":"Components/Layout/Flexbox","name":"Flexbox","importPath":"./libs/react/src/lib/layout/flexbox/flexbox.stories.mdx","kind":"Components/Layout/Flexbox","story":"Flexbox","parameters":{"__id":"components-layout-flexbox--flexbox","docsOnly":false,"fileName":"./libs/react/src/lib/layout/flexbox/flexbox.stories.mdx"}},"components-link--link":{"id":"components-link--link","title":"Components/Link","name":"Link","importPath":"./libs/react/src/lib/link/link.stories.mdx","kind":"Components/Link","story":"Link","parameters":{"__id":"components-link--link","docsOnly":false,"fileName":"./libs/react/src/lib/link/link.stories.mdx"}},"components-lists--ordered-list":{"id":"components-lists--ordered-list","title":"Components/Lists","name":"Ordered-list","importPath":"./libs/react/src/lib/list/list.stories.mdx","kind":"Components/Lists","story":"Ordered-list","parameters":{"__id":"components-lists--ordered-list","docsOnly":false,"fileName":"./libs/react/src/lib/list/list.stories.mdx"}},"components-lists--unordered-list":{"id":"components-lists--unordered-list","title":"Components/Lists","name":"Unordered-list","importPath":"./libs/react/src/lib/list/list.stories.mdx","kind":"Components/Lists","story":"Unordered-list","parameters":{"__id":"components-lists--unordered-list","docsOnly":false,"fileName":"./libs/react/src/lib/list/list.stories.mdx"}},"components-lists--check-list":{"id":"components-lists--check-list","title":"Components/Lists","name":"Check-list","importPath":"./libs/react/src/lib/list/list.stories.mdx","kind":"Components/Lists","story":"Check-list","parameters":{"__id":"components-lists--check-list","docsOnly":false,"fileName":"./libs/react/src/lib/list/list.stories.mdx"}},"components-lists--list-group":{"id":"components-lists--list-group","title":"Components/Lists","name":"List group","importPath":"./libs/react/src/lib/list/list.stories.mdx","kind":"Components/Lists","story":"List group","parameters":{"__id":"components-lists--list-group","docsOnly":false,"fileName":"./libs/react/src/lib/list/list.stories.mdx"}},"components-lists--value-list":{"id":"components-lists--value-list","title":"Components/Lists","name":"ValueList","importPath":"./libs/react/src/lib/list/valueList.stories.mdx","kind":"Components/Lists","story":"ValueList","parameters":{"__id":"components-lists--value-list","docsOnly":false,"fileName":"./libs/react/src/lib/list/valueList.stories.mdx"}},"components-navbar--component":{"id":"components-navbar--component","title":"Components/Navbar","name":"Component","importPath":"./libs/react/src/lib/navbar/navbar.stories.mdx","kind":"Components/Navbar","story":"Component","parameters":{"__id":"components-navbar--component","docsOnly":false,"fileName":"./libs/react/src/lib/navbar/navbar.stories.mdx"}},"components-select--with-options":{"id":"components-select--with-options","title":"Components/Select","name":"With options","importPath":"./libs/react/src/lib/select/select.stories.mdx","kind":"Components/Select","story":"With options","parameters":{"__id":"components-select--with-options","docsOnly":false,"fileName":"./libs/react/src/lib/select/select.stories.mdx"}},"components-select--with-placeholder":{"id":"components-select--with-placeholder","title":"Components/Select","name":"With placeholder","importPath":"./libs/react/src/lib/select/select.stories.mdx","kind":"Components/Select","story":"With placeholder","parameters":{"__id":"components-select--with-placeholder","docsOnly":false,"fileName":"./libs/react/src/lib/select/select.stories.mdx"}},"components-select--with-option-groups":{"id":"components-select--with-option-groups","title":"Components/Select","name":"With option groups","importPath":"./libs/react/src/lib/select/select.stories.mdx","kind":"Components/Select","story":"With option groups","parameters":{"__id":"components-select--with-option-groups","docsOnly":false,"fileName":"./libs/react/src/lib/select/select.stories.mdx"}},"components-select--with-disabled-group":{"id":"components-select--with-disabled-group","title":"Components/Select","name":"With disabled group","importPath":"./libs/react/src/lib/select/select.stories.mdx","kind":"Components/Select","story":"With disabled group","parameters":{"__id":"components-select--with-disabled-group","docsOnly":false,"fileName":"./libs/react/src/lib/select/select.stories.mdx"}},"components-select--with-validation":{"id":"components-select--with-validation","title":"Components/Select","name":"With validation","importPath":"./libs/react/src/lib/select/select.stories.mdx","kind":"Components/Select","story":"With validation","parameters":{"__id":"components-select--with-validation","docsOnly":false,"fileName":"./libs/react/src/lib/select/select.stories.mdx"}},"components-select--expandable-information":{"id":"components-select--expandable-information","title":"Components/Select","name":"Expandable information","importPath":"./libs/react/src/lib/select/select.stories.mdx","kind":"Components/Select","story":"Expandable information","parameters":{"__id":"components-select--expandable-information","docsOnly":false,"fileName":"./libs/react/src/lib/select/select.stories.mdx"}},"components-slider--default-story":{"id":"components-slider--default-story","title":"Components/Slider","name":"Default","importPath":"./libs/react/src/lib/slider/slider.stories.mdx","kind":"Components/Slider","story":"Default","parameters":{"__id":"components-slider--default-story","docsOnly":false,"fileName":"./libs/react/src/lib/slider/slider.stories.mdx"}},"components-slider--textbox":{"id":"components-slider--textbox","title":"Components/Slider","name":"Textbox","importPath":"./libs/react/src/lib/slider/slider.stories.mdx","kind":"Components/Slider","story":"Textbox","parameters":{"__id":"components-slider--textbox","docsOnly":false,"fileName":"./libs/react/src/lib/slider/slider.stories.mdx"}},"components-slider--unit-textbox":{"id":"components-slider--unit-textbox","title":"Components/Slider","name":"UnitTextbox","importPath":"./libs/react/src/lib/slider/slider.stories.mdx","kind":"Components/Slider","story":"UnitTextbox","parameters":{"__id":"components-slider--unit-textbox","docsOnly":false,"fileName":"./libs/react/src/lib/slider/slider.stories.mdx"}},"components-slider--error":{"id":"components-slider--error","title":"Components/Slider","name":"Error","importPath":"./libs/react/src/lib/slider/slider.stories.mdx","kind":"Components/Slider","story":"Error","parameters":{"__id":"components-slider--error","docsOnly":false,"fileName":"./libs/react/src/lib/slider/slider.stories.mdx"}},"components-slider--disabled":{"id":"components-slider--disabled","title":"Components/Slider","name":"Disabled","importPath":"./libs/react/src/lib/slider/slider.stories.mdx","kind":"Components/Slider","story":"Disabled","parameters":{"__id":"components-slider--disabled","docsOnly":false,"fileName":"./libs/react/src/lib/slider/slider.stories.mdx"}},"components-stepper--stepper":{"id":"components-stepper--stepper","title":"Components/Stepper","name":"Stepper","importPath":"./libs/react/src/lib/stepper/stepper.stories.mdx","kind":"Components/Stepper","story":"Stepper","parameters":{"__id":"components-stepper--stepper","docsOnly":false,"fileName":"./libs/react/src/lib/stepper/stepper.stories.mdx"}},"components-stepper--basic-stepper":{"id":"components-stepper--basic-stepper","title":"Components/Stepper","name":"Basic stepper","importPath":"./libs/react/src/lib/stepper/stepper.stories.mdx","kind":"Components/Stepper","story":"Basic stepper","parameters":{"__id":"components-stepper--basic-stepper","docsOnly":false,"fileName":"./libs/react/src/lib/stepper/stepper.stories.mdx"}},"components-stepper--primitive-stepper":{"id":"components-stepper--primitive-stepper","title":"Components/Stepper","name":"Primitive Stepper","importPath":"./libs/react/src/lib/stepper/stepper.stories.mdx","kind":"Components/Stepper","story":"Primitive Stepper","parameters":{"__id":"components-stepper--primitive-stepper","docsOnly":false,"fileName":"./libs/react/src/lib/stepper/stepper.stories.mdx"}},"components-stepper--stepper-validation":{"id":"components-stepper--stepper-validation","title":"Components/Stepper","name":"Stepper validation","importPath":"./libs/react/src/lib/stepper/stepper.stories.mdx","kind":"Components/Stepper","story":"Stepper validation","parameters":{"__id":"components-stepper--stepper-validation","docsOnly":false,"fileName":"./libs/react/src/lib/stepper/stepper.stories.mdx"}},"components-table--table":{"id":"components-table--table","title":"Components/Table","name":"Table","importPath":"./libs/react/src/lib/table/story/table.stories.mdx","kind":"Components/Table","story":"Table","parameters":{"__id":"components-table--table","docsOnly":false,"fileName":"./libs/react/src/lib/table/story/table.stories.mdx"}},"components-table--sortable-table":{"id":"components-table--sortable-table","title":"Components/Table","name":"Sortable table","importPath":"./libs/react/src/lib/table/story/table.stories.mdx","kind":"Components/Table","story":"Sortable table","parameters":{"__id":"components-table--sortable-table","docsOnly":false,"fileName":"./libs/react/src/lib/table/story/table.stories.mdx"}},"components-table--selectable-table":{"id":"components-table--selectable-table","title":"Components/Table","name":"Selectable table","importPath":"./libs/react/src/lib/table/story/table.stories.mdx","kind":"Components/Table","story":"Selectable table","parameters":{"__id":"components-table--selectable-table","docsOnly":false,"fileName":"./libs/react/src/lib/table/story/table.stories.mdx"}},"components-table--expandable-table":{"id":"components-table--expandable-table","title":"Components/Table","name":"Expandable table","importPath":"./libs/react/src/lib/table/story/table.stories.mdx","kind":"Components/Table","story":"Expandable table","parameters":{"__id":"components-table--expandable-table","docsOnly":false,"fileName":"./libs/react/src/lib/table/story/table.stories.mdx"}},"components-tabs--tabs":{"id":"components-tabs--tabs","title":"Components/Tabs","name":"Tabs","importPath":"./libs/react/src/lib/tabs/tabs.stories.mdx","kind":"Components/Tabs","story":"Tabs","parameters":{"__id":"components-tabs--tabs","docsOnly":false,"fileName":"./libs/react/src/lib/tabs/tabs.stories.mdx"}},"components-modal--modal-default":{"id":"components-modal--modal-default","title":"Components/Modal","name":"Modal Default","importPath":"./libs/react/src/lib/modal/modal.stories.tsx","kind":"Components/Modal","story":"Modal Default","parameters":{"__id":"components-modal--modal-default","docsOnly":false,"fileName":"./libs/react/src/lib/modal/modal.stories.tsx"}},"components-modal--slide-out-small":{"id":"components-modal--slide-out-small","title":"Components/Modal","name":"Slide Out Small","importPath":"./libs/react/src/lib/modal/modal.stories.tsx","kind":"Components/Modal","story":"Slide Out Small","parameters":{"__id":"components-modal--slide-out-small","docsOnly":false,"fileName":"./libs/react/src/lib/modal/modal.stories.tsx"}},"components-modal--slide-out-medium":{"id":"components-modal--slide-out-medium","title":"Components/Modal","name":"Slide Out Medium","importPath":"./libs/react/src/lib/modal/modal.stories.tsx","kind":"Components/Modal","story":"Slide Out Medium","parameters":{"__id":"components-modal--slide-out-medium","docsOnly":false,"fileName":"./libs/react/src/lib/modal/modal.stories.tsx"}},"components-modal--slide-out-large":{"id":"components-modal--slide-out-large","title":"Components/Modal","name":"Slide Out Large","importPath":"./libs/react/src/lib/modal/modal.stories.tsx","kind":"Components/Modal","story":"Slide Out Large","parameters":{"__id":"components-modal--slide-out-large","docsOnly":false,"fileName":"./libs/react/src/lib/modal/modal.stories.tsx"}},"components-modal--take-over":{"id":"components-modal--take-over","title":"Components/Modal","name":"Take Over","importPath":"./libs/react/src/lib/modal/modal.stories.tsx","kind":"Components/Modal","story":"Take Over","parameters":{"__id":"components-modal--take-over","docsOnly":false,"fileName":"./libs/react/src/lib/modal/modal.stories.tsx"}}}}
